"Time (s)","Latitude (°)","Longitude (°)","Height (m)","Velocity (m/s)","Direction (°)","Horizontal Accuracy (m)","Vertical Accuracy (m)"
1.349281300E-2,6.223520420E1,2.580099270E1,9.850069027E1,NaN,NaN,1.000000000E2,5.000127411E1
8.656823960E-1,6.223474441E1,2.580101078E1,8.385557017E1,9.100000262E-1,1.553000031E2,5.529412746E0,7.088125706E0
9.306130210E-1,6.223474020E1,2.580101493E1,8.385233313E1,9.100000262E-1,1.553000031E2,5.813625813E0,7.124567032E0
1.930358906E0,6.223474349E1,2.580100680E1,8.096048878E1,0.000000000E0,NaN,3.790092468E0,4.063730240E0
2.929774427E0,6.223473914E1,2.580101017E1,8.086691957E1,0.000000000E0,NaN,3.790092468E0,3.161798954E0
3.929907707E0,6.223473778E1,2.580101084E1,8.069687488E1,0.000000000E0,NaN,3.790092468E0,2.570163250E0
4.929656352E0,6.223473668E1,2.580101149E1,8.030460133E1,0.000000000E0,NaN,3.790092468E0,2.500000000E0
5.930218695E0,6.223473336E1,2.580101186E1,8.045462382E1,0.000000000E0,NaN,3.790092468E0,2.500000000E0
6.929796455E0,6.223472975E1,2.580101370E1,8.066439967E1,0.000000000E0,NaN,3.790092468E0,2.500000000E0
7.929628851E0,6.223472635E1,2.580102115E1,8.063235474E1,1.500000060E-1,1.553000031E2,3.790092468E0,2.500000000E0
8.930367497E0,6.223471824E1,2.580103365E1,8.042989724E1,8.100000024E-1,1.601999969E2,3.790092468E0,2.500000000E0
9.930277288E0,6.223470612E1,2.580104602E1,8.026308192E1,1.240000010E0,1.628999939E2,3.790092468E0,2.500000000E0
1.093031776E1,6.223469570E1,2.580105350E1,8.040364029E1,1.220000029E0,1.596999969E2,3.790092468E0,2.500000000E0
1.193025296E1,6.223468403E1,2.580106344E1,8.048133190E1,1.350000024E0,1.546999969E2,3.790092468E0,2.500000000E0
1.292979505E1,6.223467123E1,2.580107779E1,8.040222384E1,1.409999967E0,1.496000061E2,3.790092468E0,2.500000000E0
1.393047421E1,6.223465749E1,2.580109648E1,8.065063017E1,1.470000029E0,1.483000031E2,3.790092468E0,2.500000000E0
1.493009645E1,6.223464377E1,2.580111405E1,8.059807209E1,1.419999957E0,1.481999969E2,3.790092468E0,2.500000000E0
1.592990218E1,6.223462957E1,2.580113133E1,8.063041360E1,1.570000052E0,1.476999969E2,3.790092468E0,2.500000000E0
1.693052036E1,6.223461675E1,2.580114582E1,8.051675964E1,1.460000038E0,1.478000031E2,3.790092468E0,2.500000000E0
1.792977468E1,6.223460383E1,2.580115977E1,8.072354015E1,1.490000010E0,1.488000031E2,3.790092468E0,2.500000000E0
1.893035478E1,6.223459177E1,2.580117283E1,8.068135869E1,1.470000029E0,1.483999939E2,3.790092468E0,2.500000000E0
1.993014932E1,6.223457868E1,2.580118679E1,8.060066352E1,1.559999943E0,1.510000000E2,3.790092468E0,2.500000000E0
2.093036056E1,6.223456532E1,2.580119895E1,8.030957988E1,1.509999990E0,1.551999969E2,3.790092468E0,2.500000000E0
2.192992676E1,6.223455301E1,2.580121104E1,8.046637282E1,1.419999957E0,1.536000061E2,3.790092468E0,2.500000000E0
2.293030213E1,6.223453869E1,2.580122021E1,8.063750764E1,1.460000038E0,1.581999969E2,3.790092468E0,2.500000000E0
2.392963098E1,6.223452434E1,2.580123054E1,8.068590083E1,1.480000019E0,1.586000061E2,3.790092468E0,2.500000000E0
2.493017812E1,6.223451033E1,2.580123793E1,8.092478473E1,1.539999962E0,1.598000031E2,3.790092468E0,2.500000000E0
2.593009499E1,6.223449755E1,2.580124611E1,8.107529051E1,1.529999971E0,1.588999939E2,3.790092468E0,2.500000000E0
2.693036905E1,6.223448517E1,2.580125339E1,8.103805231E1,1.509999990E0,1.613999939E2,3.790092468E0,2.500000000E0
2.793011640E1,6.223447331E1,2.580125983E1,8.097548477E1,1.509999990E0,1.638999939E2,3.790092468E0,2.500000000E0
2.893029843E1,6.223446280E1,2.580126971E1,8.059901446E1,1.549999952E0,1.615000000E2,3.790092468E0,2.500000000E0
2.993014212E1,6.223445259E1,2.580127997E1,8.036439005E1,1.529999971E0,1.611999969E2,3.790092468E0,2.500000000E0
3.093048650E1,6.223444271E1,2.580129187E1,7.992560335E1,1.519999981E0,1.585000000E2,3.790092468E0,2.500000000E0
3.193011379E1,6.223443228E1,2.580130279E1,7.965264878E1,1.470000029E0,1.591000061E2,3.790092468E0,2.500000000E0
3.293043817E1,6.223442100E1,2.580131262E1,7.959258426E1,1.480000019E0,1.581000061E2,3.790092468E0,2.500000000E0
3.392990764E1,6.223440917E1,2.580132036E1,7.942595189E1,1.480000019E0,1.578999939E2,3.790092468E0,2.500000000E0
3.492991994E1,6.223439794E1,2.580132875E1,7.923350204E1,1.419999957E0,1.568999939E2,3.790092468E0,2.500000000E0
3.592967764E1,6.223438592E1,2.580133799E1,7.926444046E1,1.460000038E0,1.571999969E2,3.790092468E0,2.500000000E0
3.692989790E1,6.223437351E1,2.580134881E1,7.915103063E1,1.429999948E0,1.566999969E2,3.790092468E0,2.500000000E0
3.793019389E1,6.223436129E1,2.580136010E1,7.916713753E1,1.429999948E0,1.561999969E2,3.790092468E0,2.500000000E0
3.893053566E1,6.223434872E1,2.580136991E1,7.918245067E1,1.480000019E0,1.590000000E2,3.790092468E0,2.500000000E0
3.993049233E1,6.223433427E1,2.580137369E1,7.949927596E1,1.539999962E0,1.733000031E2,3.790092468E0,2.500000000E0
4.092963233E1,6.223432119E1,2.580138069E1,7.975219847E1,1.490000010E0,1.623000031E2,3.790092468E0,2.500000000E0
4.192990243E1,6.223430854E1,2.580139002E1,7.997435967E1,1.409999967E0,1.586000061E2,3.790092468E0,2.500000000E0
4.293042108E1,6.223429582E1,2.580140074E1,8.013652338E1,1.490000010E0,1.588999939E2,3.790092468E0,2.500000000E0
4.393000358E1,6.223428328E1,2.580141028E1,8.034476864E1,1.460000038E0,1.581999969E2,3.790092468E0,2.500000000E0
4.493029545E1,6.223427103E1,2.580142212E1,8.008493563E1,1.429999948E0,1.585000000E2,3.790092468E0,2.500000000E0
4.592979389E1,6.223425791E1,2.580143214E1,8.007461370E1,1.480000019E0,1.603999939E2,3.790092468E0,2.500000000E0
4.693032279E1,6.223424429E1,2.580144015E1,8.019856868E1,1.460000038E0,1.605000000E2,3.790092468E0,2.500000000E0
4.792960795E1,6.223423036E1,2.580144909E1,8.024513096E1,1.500000000E0,1.588000031E2,3.790092468E0,2.500000000E0
4.892977649E1,6.223421611E1,2.580145797E1,8.013458856E1,1.509999990E0,1.623999939E2,3.790092468E0,2.500000000E0
4.993046956E1,6.223420356E1,2.580146680E1,8.007238699E1,1.470000029E0,1.603000031E2,3.790092468E0,2.500000000E0
5.093032722E1,6.223419045E1,2.580147476E1,8.028490428E1,1.509999990E0,1.606000061E2,3.790092468E0,2.500000000E0
5.193015128E1,6.223417608E1,2.580148110E1,8.042771856E1,1.600000024E0,1.638000031E2,3.790092468E0,2.500000000E0
5.292976331E1,6.223416261E1,2.580148882E1,8.051578493E1,1.559999943E0,1.613000031E2,3.790092468E0,2.500000000E0
5.392959071E1,6.223414958E1,2.580149657E1,8.036062647E1,1.539999962E0,1.603999939E2,3.790092468E0,2.500000000E0
5.493041826E1,6.223413676E1,2.580150417E1,8.056209654E1,1.539999962E0,1.631000061E2,3.790092468E0,2.500000000E0
5.593032352E1,6.223412429E1,2.580151083E1,8.059437729E1,1.490000010E0,1.626000061E2,3.790092468E0,2.500000000E0
5.692978373E1,6.223411126E1,2.580152068E1,8.068891380E1,1.539999962E0,1.585000000E2,3.790092468E0,2.500000000E0
5.792964347E1,6.223409893E1,2.580153423E1,8.073950566E1,1.519999981E0,1.526999969E2,3.790092468E0,2.500000000E0
5.893008664E1,6.223408865E1,2.580155243E1,8.055261126E1,1.549999952E0,1.438999939E2,3.790092468E0,2.500000000E0
5.992989399E1,6.223408080E1,2.580157563E1,8.053087977E1,1.509999990E0,1.328999939E2,3.790092468E0,2.500000000E0
6.092963815E1,6.223407626E1,2.580160529E1,8.018371123E1,1.539999962E0,1.150999985E2,3.790092468E0,2.500000000E0
6.193034737E1,6.223407636E1,2.580163788E1,8.016320576E1,1.600000024E0,9.090000153E1,3.790092468E0,2.500000000E0
6.293027769E1,6.223408145E1,2.580166844E1,7.995001509E1,1.590000033E0,7.550000000E1,3.790092468E0,2.500000000E0
6.392963805E1,6.223408720E1,2.580169758E1,7.975568457E1,1.590000033E0,7.209999847E1,3.790092468E0,2.500000000E0
6.493036518E1,6.223409374E1,2.580172747E1,7.975318806E1,1.590000033E0,7.230000305E1,3.790092468E0,2.500000000E0
6.592981076E1,6.223410046E1,2.580175520E1,7.956380186E1,1.600000024E0,7.140000153E1,3.790092468E0,2.500000000E0
6.692974930E1,6.223410695E1,2.580178285E1,7.938357079E1,1.600000024E0,7.019999695E1,3.790092468E0,2.500000000E0
6.793040727E1,6.223411251E1,2.580181159E1,7.946090761E1,1.600000024E0,6.980000305E1,3.790092468E0,2.500000000E0
6.893031898E1,6.223411854E1,2.580183857E1,7.948007808E1,1.580000043E0,6.750000000E1,3.790092468E0,2.500000000E0
6.992993341E1,6.223412384E1,2.580186597E1,7.960233652E1,1.570000052E0,6.919999695E1,3.790092468E0,2.500000000E0
7.092974247E1,6.223412899E1,2.580189321E1,7.946104507E1,1.539999962E0,7.169999695E1,3.790092468E0,2.500000000E0
7.192992633E1,6.223413438E1,2.580192127E1,7.937730996E1,1.529999971E0,7.059999847E1,3.790092468E0,2.500000000E0
7.293023461E1,6.223413938E1,2.580195056E1,7.935009327E1,1.519999981E0,7.240000153E1,3.790092468E0,2.500000000E0
7.392990961E1,6.223414424E1,2.580197812E1,7.929138223E1,1.470000029E0,7.219999695E1,3.790092468E0,2.500000000E0
7.493065383E1,6.223414820E1,2.580200683E1,7.921625229E1,1.529999971E0,7.519999695E1,3.790092468E0,2.500000000E0
7.593021508E1,6.223415352E1,2.580203373E1,7.918757078E1,1.529999971E0,6.759999847E1,3.790092468E0,2.500000000E0
7.693025310E1,6.223415846E1,2.580205971E1,7.945393292E1,1.519999981E0,6.959999847E1,3.790092468E0,2.500000000E0
7.792960992E1,6.223416317E1,2.580208715E1,7.936140831E1,1.509999990E0,7.069999695E1,3.790092468E0,2.500000000E0
7.893036127E1,6.223416873E1,2.580211584E1,7.948555909E1,1.529999971E0,7.119999695E1,3.790092468E0,2.500000000E0
7.992979799E1,6.223417467E1,2.580214389E1,7.934609921E1,1.539999962E0,7.009999847E1,3.790092468E0,2.500000000E0
8.092991325E1,6.223417874E1,2.580217188E1,7.946786870E1,1.470000029E0,7.100000000E1,3.790092468E0,2.500000000E0
8.192958559E1,6.223418278E1,2.580219972E1,7.955002634E1,1.500000000E0,7.050000000E1,3.790092468E0,2.500000000E0
8.293018252E1,6.223418688E1,2.580222572E1,7.946055303E1,1.490000010E0,6.859999847E1,3.790092468E0,2.500000000E0
8.392962955E1,6.223419081E1,2.580225250E1,7.943071102E1,1.500000000E0,6.940000153E1,3.790092468E0,2.500000000E0
8.492978085E1,6.223419453E1,2.580227893E1,7.931139132E1,1.490000010E0,7.069999695E1,3.790092468E0,2.500000000E0
8.592965658E1,6.223419813E1,2.580230562E1,7.923919072E1,1.470000029E0,6.869999695E1,3.790092468E0,2.500000000E0
8.692991418E1,6.223420299E1,2.580233293E1,7.909271111E1,1.519999981E0,6.550000000E1,3.790092468E0,2.500000000E0
8.792960684E1,6.223420688E1,2.580236195E1,7.910718076E1,1.509999990E0,6.959999847E1,3.790092468E0,2.500000000E0
8.893027491E1,6.223420996E1,2.580239028E1,7.924048533E1,1.480000019E0,7.000000000E1,3.790092468E0,2.500000000E0
8.992990898E1,6.223421271E1,2.580241953E1,7.954725169E1,1.529999971E0,7.059999847E1,3.790092468E0,2.500000000E0
9.092978627E1,6.223421555E1,2.580244771E1,7.974171334E1,1.500000000E0,7.000000000E1,3.790092468E0,2.500000000E0
9.192975705E1,6.223421847E1,2.580247521E1,7.997584784E1,1.500000000E0,6.880000305E1,3.790092468E0,2.500000000E0
9.292961486E1,6.223422092E1,2.580250292E1,8.000282876E1,1.470000029E0,7.100000000E1,3.790092468E0,2.500000000E0
9.392949314E1,6.223422372E1,2.580253057E1,7.994082062E1,1.460000038E0,7.200000000E1,3.790092468E0,2.500000000E0
9.492977981E1,6.223422722E1,2.580255932E1,8.007821483E1,1.490000010E0,7.050000000E1,3.790092468E0,2.500000000E0
9.593009231E1,6.223423151E1,2.580258834E1,8.024185463E1,1.500000000E0,7.069999695E1,3.790092468E0,2.500000000E0
9.692962762E1,6.223423569E1,2.580261676E1,8.027799189E1,1.519999981E0,7.019999695E1,3.790092468E0,2.500000000E0
9.792949402E1,6.223424027E1,2.580264255E1,8.023466142E1,1.470000029E0,6.940000153E1,3.790092468E0,2.500000000E0
9.893048054E1,6.223424455E1,2.580266887E1,8.040861597E1,1.500000000E0,7.180000305E1,3.790092468E0,2.500000000E0
9.993021777E1,6.223424914E1,2.580269452E1,8.065721665E1,1.490000010E0,6.990000153E1,3.790092468E0,2.500000000E0
1.009300174E2,6.223425398E1,2.580271947E1,8.065264360E1,1.470000029E0,6.930000305E1,3.790092468E0,2.500000000E0
1.019304277E2,6.223425859E1,2.580274528E1,8.074102702E1,1.470000029E0,6.959999847E1,3.790092468E0,2.500000000E0
1.029299132E2,6.223426347E1,2.580277061E1,8.076977922E1,1.519999981E0,7.019999695E1,3.790092468E0,2.500000000E0
1.039296353E2,6.223426893E1,2.580279833E1,8.062976971E1,1.539999962E0,6.990000153E1,3.790092468E0,2.500000000E0
1.049297778E2,6.223427560E1,2.580282606E1,8.059175067E1,1.519999981E0,6.940000153E1,3.790092468E0,2.500000000E0
1.059297818E2,6.223428275E1,2.580285270E1,8.045595350E1,1.500000000E0,7.019999695E1,3.790092468E0,2.500000000E0
1.069303820E2,6.223429032E1,2.580287980E1,8.039437537E1,1.490000010E0,7.109999847E1,3.790092468E0,2.500000000E0
1.079296608E2,6.223429686E1,2.580290794E1,8.015756477E1,1.500000000E0,7.359999847E1,3.790092468E0,2.500000000E0
1.089299190E2,6.223430274E1,2.580293543E1,8.000229670E1,1.500000000E0,7.209999847E1,3.790092468E0,2.500000000E0
1.099295165E2,6.223430881E1,2.580296321E1,7.993675045E1,1.500000000E0,6.969999695E1,3.790092468E0,2.500000000E0
1.109301355E2,6.223431461E1,2.580298950E1,7.986912874E1,1.490000010E0,7.100000000E1,3.790092468E0,2.500000000E0
1.119305075E2,6.223432026E1,2.580301692E1,7.960454657E1,1.529999971E0,7.140000153E1,3.790092468E0,2.500000000E0
1.129302600E2,6.223432498E1,2.580304574E1,7.970586972E1,1.509999990E0,7.300000000E1,3.790092468E0,2.500000000E0
1.139302654E2,6.223433088E1,2.580307388E1,7.976001333E1,1.519999981E0,7.140000153E1,3.790092468E0,2.500000000E0
1.149297912E2,6.223433538E1,2.580310148E1,7.952491049E1,1.500000000E0,7.340000153E1,3.790092468E0,2.500000000E0
1.159304893E2,6.223433877E1,2.580313128E1,7.936738282E1,1.559999943E0,7.700000000E1,3.790092468E0,2.500000000E0
1.169299032E2,6.223434258E1,2.580315919E1,7.932679863E1,1.509999990E0,7.550000000E1,3.790092468E0,2.500000000E0
1.179301198E2,6.223434487E1,2.580318645E1,7.933681165E1,1.460000038E0,7.700000000E1,3.790092468E0,2.500000000E0
1.189299101E2,6.223434699E1,2.580321552E1,7.927272802E1,1.529999971E0,7.609999847E1,3.790092468E0,2.500000000E0
1.199299116E2,6.223434806E1,2.580324599E1,7.916591926E1,1.539999962E0,8.069999695E1,3.790092468E0,2.500000000E0
1.209297551E2,6.223434954E1,2.580327649E1,7.895962344E1,1.590000033E0,8.150000000E1,3.790092468E0,2.500000000E0
1.219295283E2,6.223435049E1,2.580330903E1,7.888259991E1,1.679999948E0,8.330000305E1,3.790092468E0,2.500000000E0
1.229302833E2,6.223435130E1,2.580334666E1,7.889084277E1,1.830000043E0,8.259999847E1,3.790092468E0,2.500000000E0
1.239300551E2,6.223435318E1,2.580338347E1,7.892472097E1,1.830000043E0,7.740000153E1,3.790092468E0,2.500000000E0
1.249302316E2,6.223435554E1,2.580342083E1,7.883079186E1,1.889999986E0,7.780000305E1,3.790092468E0,2.500000000E0
1.259299122E2,6.223435852E1,2.580345707E1,7.891795435E1,1.879999995E0,7.690000153E1,3.790092468E0,2.500000000E0
1.269297865E2,6.223436182E1,2.580349247E1,7.895604471E1,1.809999943E0,7.400000000E1,3.790092468E0,2.500000000E0
1.279296481E2,6.223436624E1,2.580352935E1,7.897375008E1,1.909999967E0,7.240000153E1,3.790092468E0,2.500000000E0
1.289295508E2,6.223437197E1,2.580356482E1,7.912524518E1,1.850000024E0,6.840000153E1,3.790092468E0,2.500000000E0
1.299304027E2,6.223437861E1,2.580359963E1,7.929090093E1,1.899999976E0,6.740000153E1,3.790092468E0,2.500000000E0
1.309303648E2,6.223438518E1,2.580363477E1,7.934675441E1,1.899999976E0,6.969999695E1,3.790092468E0,2.500000000E0
1.319302192E2,6.223439110E1,2.580367082E1,7.949397720E1,1.879999995E0,7.050000000E1,3.790092468E0,2.500000000E0
1.329298844E2,6.223439660E1,2.580370630E1,7.950936377E1,1.889999986E0,7.000000000E1,3.790092468E0,2.500000000E0
1.339295799E2,6.223440286E1,2.580374112E1,7.949838355E1,1.919999957E0,6.840000153E1,3.790092468E0,2.500000000E0
1.349305022E2,6.223440806E1,2.580377181E1,7.944138191E1,1.809999943E0,7.219999695E1,3.790092468E0,2.500000000E0
1.359300365E2,6.223441331E1,2.580380246E1,7.924741741E1,1.820000052E0,7.280000305E1,3.790092468E0,2.500000000E0
1.369296424E2,6.223441867E1,2.580383632E1,7.932707380E1,1.879999995E0,7.159999847E1,3.790092468E0,2.500000000E0
1.379296166E2,6.223442401E1,2.580386923E1,7.935240883E1,1.860000014E0,7.109999847E1,3.790092468E0,2.500000000E0
1.389295856E2,6.223442966E1,2.580390073E1,7.932922099E1,1.840000033E0,7.050000000E1,3.790092468E0,2.500000000E0
1.399296518E2,6.223443516E1,2.580393428E1,7.938843066E1,1.830000043E0,7.240000153E1,3.790092468E0,2.500000000E0
1.409302884E2,6.223444100E1,2.580396691E1,7.942517953E1,1.830000043E0,6.990000153E1,3.790092468E0,2.500000000E0
1.419300949E2,6.223444712E1,2.580400030E1,7.928095939E1,1.919999957E0,7.119999695E1,3.790092468E0,2.500000000E0
1.429299074E2,6.223445251E1,2.580403450E1,7.922334775E1,1.889999986E0,7.240000153E1,3.790092468E0,2.500000000E0
1.439297802E2,6.223445787E1,2.580406916E1,7.922225469E1,1.840000033E0,7.200000000E1,3.790092468E0,2.500000000E0
1.449303650E2,6.223446252E1,2.580410381E1,7.935348543E1,1.850000024E0,7.380000305E1,3.790092468E0,2.500000000E0
1.459302615E2,6.223446713E1,2.580413876E1,7.933145689E1,1.840000033E0,7.319999695E1,3.790092468E0,2.500000000E0
1.469301399E2,6.223447206E1,2.580417248E1,7.925260472E1,1.799999952E0,7.380000305E1,3.790092468E0,2.500000000E0
1.479301098E2,6.223447710E1,2.580420617E1,7.946470720E1,1.809999943E0,7.380000305E1,3.790092468E0,2.500000000E0
1.489300927E2,6.223448250E1,2.580423907E1,7.950603347E1,1.779999971E0,7.130000305E1,3.790092468E0,2.500000000E0
1.499300671E2,6.223448794E1,2.580427136E1,8.030913950E1,1.750000000E0,7.030000305E1,3.790092468E0,2.500000000E0
1.509301394E2,6.223449217E1,2.580430419E1,8.010449340E1,1.799999952E0,7.559999847E1,3.790092468E0,2.500000000E0
1.519299243E2,6.223449612E1,2.580433854E1,7.999854109E1,1.789999962E0,7.509999847E1,3.790092468E0,2.500000000E0
1.529297890E2,6.223449977E1,2.580437346E1,8.002534011E1,1.809999943E0,7.619999695E1,3.790092468E0,2.500000000E0
1.539296098E2,6.223450405E1,2.580440648E1,8.006159982E1,1.799999952E0,7.380000305E1,3.790092468E0,2.500000000E0
1.549297908E2,6.223450870E1,2.580443928E1,8.004994712E1,1.789999962E0,7.350000000E1,3.790092468E0,2.500000000E0
1.559297771E2,6.223451337E1,2.580447274E1,8.016005962E1,1.789999962E0,7.280000305E1,3.790092468E0,2.500000000E0
1.569304899E2,6.223451708E1,2.580450760E1,8.009036209E1,1.850000024E0,7.559999847E1,3.790092468E0,2.500000000E0
1.579303524E2,6.223452165E1,2.580454422E1,8.028397085E1,1.870000005E0,7.409999847E1,3.790092468E0,2.500000000E0
1.589299170E2,6.223452923E1,2.580457444E1,8.037296666E1,1.820000052E0,5.909999847E1,3.790092468E0,2.500000000E0
1.599299041E2,6.223454189E1,2.580458620E1,8.045421270E1,1.610000014E0,2.329999924E1,3.790092468E0,2.500000000E0
1.609298960E2,6.223455765E1,2.580458122E1,8.045190224E1,1.789999962E0,3.512999878E2,3.790092468E0,2.500000000E0
1.619295785E2,6.223457388E1,2.580456971E1,8.053681084E1,1.830000043E0,3.437000122E2,3.790092468E0,2.500000000E0
1.629299099E2,6.223458971E1,2.580455865E1,8.045179736E1,1.820000052E0,3.441000061E2,3.790092468E0,2.500000000E0
1.639296295E2,6.223460567E1,2.580454935E1,8.039492129E1,1.789999962E0,3.457000122E2,3.790092468E0,2.500000000E0
1.649301998E2,6.223462193E1,2.580454070E1,8.044265970E1,1.830000043E0,3.458999939E2,3.790092468E0,2.500000000E0
1.659299045E2,6.223463784E1,2.580453240E1,8.049149656E1,1.809999943E0,3.455000000E2,3.790092468E0,2.500000000E0
1.669302039E2,6.223465372E1,2.580452288E1,8.032805304E1,1.840000033E0,3.452000122E2,3.790092468E0,2.500000000E0
1.679299128E2,6.223466953E1,2.580451609E1,8.039599396E1,1.830000043E0,3.488999939E2,3.790092468E0,2.500000000E0
1.689297754E2,6.223468504E1,2.580450988E1,8.044782145E1,1.809999943E0,3.491000061E2,3.790092468E0,2.500000000E0
1.699298157E2,6.223470072E1,2.580450239E1,8.024958792E1,1.750000000E0,3.473999939E2,3.790092468E0,2.500000000E0
1.709295551E2,6.223471689E1,2.580449626E1,8.032723368E1,1.799999952E0,3.500000000E2,3.790092468E0,2.500000000E0
1.719304244E2,6.223473295E1,2.580448806E1,8.030734505E1,1.799999952E0,3.498999939E2,3.790092468E0,2.500000000E0
1.729295161E2,6.223474987E1,2.580447953E1,8.046738854E1,1.789999962E0,3.457999878E2,3.790092468E0,2.500000000E0
1.739303495E2,6.223476676E1,2.580447214E1,8.053984664E1,1.789999962E0,3.470000000E2,3.790092468E0,2.500000000E0
1.749300277E2,6.223478347E1,2.580446682E1,8.067358408E1,1.830000043E0,3.505000000E2,3.790092468E0,2.500000000E0
1.759301408E2,6.223480023E1,2.580446206E1,8.079108624E1,1.789999962E0,3.497999878E2,3.790092468E0,2.500000000E0
1.769301082E2,6.223481667E1,2.580445573E1,8.069307297E1,1.809999943E0,3.492000122E2,3.790092468E0,2.500000000E0
1.779299354E2,6.223483298E1,2.580444949E1,8.055550884E1,1.809999943E0,3.485000000E2,3.790092468E0,2.500000000E0
1.789297681E2,6.223484873E1,2.580444214E1,8.046451413E1,1.789999962E0,3.472999878E2,3.790092468E0,2.500000000E0
1.799304187E2,6.223486416E1,2.580443252E1,8.052415384E1,1.759999990E0,3.477999878E2,3.790092468E0,2.500000000E0
1.809295244E2,6.223488002E1,2.580442457E1,8.054845456E1,1.830000043E0,3.500000000E2,3.790092468E0,2.500000000E0
1.819297589E2,6.223489635E1,2.580441797E1,8.054754814E1,1.870000005E0,3.472999878E2,3.790092468E0,2.500000000E0
1.829301409E2,6.223491283E1,2.580441087E1,8.055860466E1,1.830000043E0,3.481000061E2,3.790092468E0,2.500000000E0
1.839296409E2,6.223492908E1,2.580440481E1,8.056880662E1,1.809999943E0,3.513999939E2,3.790092468E0,2.500000000E0
1.849305163E2,6.223494581E1,2.580439895E1,8.063595468E1,1.850000024E0,3.511000061E2,3.790092468E0,2.500000000E0
1.859302050E2,6.223496139E1,2.580439279E1,8.066397851E1,1.820000052E0,3.497000122E2,3.790092468E0,2.500000000E0
1.869297822E2,6.223497739E1,2.580438905E1,8.078129719E1,1.809999943E0,3.552999878E2,3.790092468E0,2.500000000E0
1.879296384E2,6.223499273E1,2.580438248E1,8.058837358E1,1.840000033E0,3.513999939E2,3.790092468E0,2.500000000E0
1.889305185E2,6.223500885E1,2.580437477E1,8.049457145E1,1.860000014E0,3.492999878E2,3.790092468E0,2.500000000E0
1.899300536E2,6.223502554E1,2.580436719E1,8.057679505E1,1.909999967E0,3.491000061E2,3.790092468E0,2.500000000E0
1.909297822E2,6.223504276E1,2.580435867E1,8.067885532E1,1.899999976E0,3.487000122E2,3.790092468E0,2.500000000E0
1.919303452E2,6.223506024E1,2.580434989E1,8.064297627E1,1.919999957E0,3.488999939E2,3.790092468E0,2.500000000E0
1.929300974E2,6.223507739E1,2.580434183E1,8.042087882E1,1.879999995E0,3.487000122E2,3.790092468E0,2.500000000E0
1.939295558E2,6.223509423E1,2.580433210E1,8.039787774E1,1.870000005E0,3.461000061E2,3.790092468E0,2.500000000E0
1.949304556E2,6.223511094E1,2.580432274E1,8.023657096E1,1.960000038E0,3.461000061E2,3.790092468E0,2.500000000E0
1.959300689E2,6.223512822E1,2.580431464E1,8.018207612E1,1.909999967E0,3.472999878E2,3.790092468E0,2.500000000E0
1.969300154E2,6.223514550E1,2.580430651E1,8.005214182E1,1.870000005E0,3.471000061E2,3.790092468E0,2.500000000E0
1.979304665E2,6.223516237E1,2.580429866E1,8.000228543E1,1.870000005E0,3.476000061E2,3.790092468E0,2.500000000E0
1.989300377E2,6.223517932E1,2.580429213E1,7.993546140E1,1.840000033E0,3.496000061E2,3.790092468E0,2.500000000E0
1.999295964E2,6.223519590E1,2.580428686E1,7.981321733E1,1.820000052E0,3.508999939E2,3.790092468E0,2.500000000E0
2.009300985E2,6.223521226E1,2.580428255E1,7.984899321E1,1.779999971E0,3.515000000E2,3.790092468E0,2.500000000E0
2.019296605E2,6.223522826E1,2.580427663E1,7.976532297E1,1.779999971E0,3.491000061E2,3.790092468E0,2.500000000E0
2.029304197E2,6.223524431E1,2.580426917E1,7.972480450E1,1.809999943E0,3.472999878E2,3.790092468E0,2.500000000E0
2.039300394E2,6.223525962E1,2.580426197E1,7.970662449E1,1.769999981E0,3.482000122E2,3.790092468E0,2.500000000E0
2.049305149E2,6.223527562E1,2.580425381E1,7.980319091E1,1.840000033E0,3.473999939E2,3.790092468E0,2.500000000E0
2.059296818E2,6.223529170E1,2.580424657E1,7.986417394E1,1.830000043E0,3.477999878E2,3.790092468E0,2.500000000E0
2.069305224E2,6.223530807E1,2.580424038E1,7.994462743E1,1.830000043E0,3.491000061E2,3.790092468E0,2.500000000E0
2.079301742E2,6.223532430E1,2.580423485E1,7.989721223E1,1.789999962E0,3.491000061E2,3.790092468E0,2.500000000E0
2.089297863E2,6.223534012E1,2.580422923E1,7.985504581E1,1.789999962E0,3.488999939E2,3.790092468E0,2.500000000E0
2.099304058E2,6.223535617E1,2.580422243E1,7.979005230E1,1.789999962E0,3.488999939E2,3.790092468E0,2.500000000E0
2.109297995E2,6.223537280E1,2.580421503E1,7.998738818E1,1.789999962E0,3.487000122E2,3.790092468E0,2.500000000E0
2.119304350E2,6.223538934E1,2.580420745E1,7.999606433E1,1.820000052E0,3.472000122E2,3.790092468E0,2.500000000E0
2.129299002E2,6.223540545E1,2.580419871E1,7.993876114E1,1.799999952E0,3.451000061E2,3.790092468E0,2.500000000E0
2.139303934E2,6.223542133E1,2.580418813E1,7.985954607E1,1.809999943E0,3.428999939E2,3.790092468E0,2.500000000E0
2.149300491E2,6.223543745E1,2.580417771E1,7.982281162E1,1.850000024E0,3.432999878E2,3.790092468E0,2.500000000E0
2.159295843E2,6.223545376E1,2.580416827E1,7.985486397E1,1.850000024E0,3.447000122E2,3.790092468E0,2.500000000E0
2.169301084E2,6.223546937E1,2.580415822E1,7.980842466E1,1.809999943E0,3.425000000E2,3.790092468E0,2.500000000E0
2.179297806E2,6.223548485E1,2.580414556E1,7.990035179E1,1.820000052E0,3.400000000E2,3.790092468E0,2.500000000E0
2.189304886E2,6.223550022E1,2.580413174E1,7.977639742E1,1.860000014E0,3.391000061E2,3.790092468E0,2.500000000E0
2.199302675E2,6.223551519E1,2.580411798E1,7.975406636E1,1.830000043E0,3.380000000E2,3.790092468E0,2.500000000E0
2.209302379E2,6.223553013E1,2.580410435E1,7.973106391E1,1.799999952E0,3.382999878E2,3.790092468E0,2.500000000E0
2.219298109E2,6.223554582E1,2.580409055E1,7.968907995E1,1.830000043E0,3.383999939E2,3.790092468E0,2.500000000E0
2.229298096E2,6.223556116E1,2.580407652E1,7.976928815E1,1.830000043E0,3.373999939E2,3.790092468E0,2.500000000E0
2.239300705E2,6.223557676E1,2.580406288E1,7.979242866E1,1.840000033E0,3.372000122E2,3.790092468E0,2.500000000E0
2.249299052E2,6.223559193E1,2.580405004E1,7.999769788E1,1.840000033E0,3.386000061E2,3.790092468E0,2.500000000E0
2.259302569E2,6.223560782E1,2.580403504E1,7.997860213E1,1.919999957E0,3.376000061E2,3.790092468E0,2.500000000E0
2.269297596E2,6.223562452E1,2.580402209E1,8.003311541E1,1.879999995E0,3.402999878E2,3.790092468E0,2.500000000E0
2.279302428E2,6.223564192E1,2.580401232E1,8.020377921E1,1.870000005E0,3.450000000E2,3.790092468E0,2.500000000E0
2.289296564E2,6.223565936E1,2.580400556E1,8.050432607E1,1.840000033E0,3.477999878E2,3.790092468E0,2.500000000E0
2.299298900E2,6.223567620E1,2.580400175E1,8.067431857E1,1.840000033E0,3.515000000E2,3.790092468E0,2.500000000E0
2.309303336E2,6.223569366E1,2.580400016E1,8.099720467E1,1.860000014E0,3.553999939E2,3.790092468E0,2.500000000E0
2.319297354E2,6.223571090E1,2.580400134E1,8.103835254E1,1.860000014E0,3.582000122E2,3.790092468E0,2.500000000E0
2.329308945E2,6.223572767E1,2.580400516E1,8.122317708E1,1.889999986E0,1.899999976E0,3.790092468E0,2.500000000E0
2.339310207E2,6.223574440E1,2.580401078E1,8.107127077E1,1.860000014E0,5.800000191E0,3.790092468E0,2.500000000E0
2.349307455E2,6.223576030E1,2.580401629E1,8.093956660E1,1.820000052E0,6.099999905E0,3.790092468E0,2.500000000E0
2.359314212E2,6.223577601E1,2.580402143E1,8.098968603E1,1.840000033E0,6.900000095E0,3.790092468E0,2.500000000E0
2.369311048E2,6.223579185E1,2.580402625E1,8.120185384E1,1.820000052E0,4.800000191E0,3.790092468E0,2.500000000E0
2.379307526E2,6.223580820E1,2.580402598E1,8.127596008E1,1.830000043E0,3.562999878E2,3.790092468E0,2.500000000E0
2.389313616E2,6.223582573E1,2.580401341E1,8.153671166E1,2.059999943E0,3.401000061E2,3.790092468E0,2.500000000E0
2.399310761E2,6.223584278E1,2.580398580E1,8.132974951E1,2.339999914E0,3.237000122E2,3.790092468E0,2.500000000E0
2.409307529E2,6.223585861E1,2.580394320E1,8.134385493E1,2.730000019E0,3.112000122E2,3.790092468E0,2.500000000E0
2.419313553E2,6.223587203E1,2.580389447E1,8.115300246E1,2.799999952E0,3.040000000E2,3.790092468E0,2.500000000E0
2.429311608E2,6.223588191E1,2.580384094E1,8.100426184E1,2.890000105E0,2.961000061E2,3.790092468E0,2.500000000E0
2.439314096E2,6.223588855E1,2.580378487E1,8.113896641E1,2.839999914E0,2.890000000E2,3.790092468E0,2.500000000E0
2.449306308E2,6.223589290E1,2.580372678E1,8.095213629E1,2.910000086E0,2.850000000E2,3.790092468E0,2.500000000E0
2.459311341E2,6.223589601E1,2.580366820E1,8.082524194E1,2.910000086E0,2.813999939E2,3.790092468E0,2.500000000E0
2.469307598E2,6.223589599E1,2.580360861E1,8.074692967E1,2.910000086E0,2.751000061E2,3.790092468E0,2.500000000E0
2.479310597E2,6.223589428E1,2.580354809E1,8.064420228E1,2.940000057E0,2.713999939E2,3.790092468E0,2.500000000E0
2.489306328E2,6.223589180E1,2.580348974E1,8.058090330E1,2.839999914E0,2.677000122E2,3.790092468E0,2.500000000E0
2.499313241E2,6.223588686E1,2.580343575E1,8.090078190E1,2.690000057E0,2.620000000E2,3.790092468E0,2.500000000E0
2.509310958E2,6.223587893E1,2.580338284E1,8.094349817E1,2.789999962E0,2.551000061E2,3.790092468E0,2.500000000E0
2.519314408E2,6.223586951E1,2.580333133E1,8.089228056E1,2.789999962E0,2.516000061E2,3.790092468E0,2.500000000E0
2.529310105E2,6.223586048E1,2.580328023E1,8.089532347E1,2.819999933E0,2.520000000E2,3.790092468E0,2.500000000E0
2.539306470E2,6.223585450E1,2.580322732E1,8.087236705E1,2.839999914E0,2.573999939E2,3.790092468E0,2.500000000E0
2.549311809E2,6.223585223E1,2.580317284E1,8.094664171E1,2.799999952E0,2.657000122E2,3.790092468E0,2.500000000E0
2.559313693E2,6.223585323E1,2.580311703E1,8.098905784E1,2.859999895E0,2.712000122E2,3.790092468E0,2.500000000E0
2.569310956E2,6.223585640E1,2.580306165E1,8.088358708E1,2.859999895E0,2.766000061E2,3.790092468E0,2.500000000E0
2.579307713E2,6.223586287E1,2.580300604E1,8.065031063E1,2.920000076E0,2.822999878E2,3.790092468E0,2.500000000E0
2.589316018E2,6.223587206E1,2.580295387E1,8.043815417E1,2.819999933E0,2.897999878E2,3.790092468E0,2.500000000E0
2.599312694E2,6.223588547E1,2.580290413E1,8.008488708E1,2.920000076E0,2.975000000E2,3.790092468E0,2.500000000E0
2.609306725E2,6.223590369E1,2.580285864E1,8.010802691E1,2.950000048E0,3.062999878E2,3.790092468E0,2.500000000E0
2.619313561E2,6.223592301E1,2.580281733E1,8.012927559E1,2.829999924E0,3.101000061E2,3.790092468E0,2.500000000E0
2.629305934E2,6.223594243E1,2.580277440E1,8.049366386E1,2.880000114E0,3.087999878E2,3.790092468E0,2.500000000E0
2.639313988E2,6.223595970E1,2.580273041E1,8.090785548E1,2.839999914E0,3.060000000E2,3.790092468E0,2.500000000E0
2.649311859E2,6.223597500E1,2.580268476E1,8.102565912E1,2.839999914E0,3.028999939E2,3.790092468E0,2.500000000E0
2.659309027E2,6.223598821E1,2.580263963E1,8.081088100E1,2.779999971E0,3.006000061E2,3.790092468E0,2.500000000E0
2.669307488E2,6.223599789E1,2.580259135E1,8.088412550E1,2.750000000E0,2.931000061E2,3.790092468E0,2.500000000E0
2.679310148E2,6.223600240E1,2.580254093E1,8.114071642E1,2.750000000E0,2.850000000E2,3.790092468E0,2.500000000E0
2.689306711E2,6.223600505E1,2.580248789E1,8.138491594E1,2.819999933E0,2.802999878E2,3.790092468E0,2.500000000E0
2.699314340E2,6.223600653E1,2.580243247E1,8.155379722E1,2.799999952E0,2.778999939E2,3.790092468E0,2.500000000E0
2.709308894E2,6.223600769E1,2.580237771E1,8.175466079E1,2.769999981E0,2.757000122E2,3.790092468E0,2.500000000E0
2.719305447E2,6.223600680E1,2.580232235E1,8.197395572E1,2.859999895E0,2.705000000E2,3.790092468E0,2.500000000E0
2.729312723E2,6.223600269E1,2.580226791E1,8.231989678E1,2.819999933E0,2.647999878E2,3.790092468E0,2.500000000E0
2.739307760E2,6.223599583E1,2.580221576E1,8.254980856E1,2.740000010E0,2.587999878E2,3.790092468E0,2.500000000E0
2.749313762E2,6.223598668E1,2.580216305E1,8.237389620E1,2.809999943E0,2.541000061E2,3.790092468E0,2.500000000E0
2.759308809E2,6.223597561E1,2.580211132E1,8.227098084E1,2.849999905E0,2.475000000E2,3.790092468E0,2.500000000E0
2.769306253E2,6.223596232E1,2.580206456E1,8.205643121E1,2.789999962E0,2.423000031E2,3.790092468E0,2.500000000E0
2.779313600E2,6.223594813E1,2.580201667E1,8.191042346E1,2.960000038E0,2.403999939E2,3.790092468E0,2.500000000E0
2.789308995E2,6.223593399E1,2.580196932E1,8.180421070E1,2.970000029E0,2.401999969E2,3.790092468E0,2.500000000E0
2.799312033E2,6.223592076E1,2.580192015E1,8.202191192E1,2.960000038E0,2.396000061E2,3.790092468E0,2.500000000E0
2.809308605E2,6.223590780E1,2.580186851E1,8.189091927E1,3.069999933E0,2.411999969E2,3.790092468E0,2.500000000E0
2.819308984E2,6.223589650E1,2.580181835E1,8.173874850E1,2.880000114E0,2.436000061E2,3.790092468E0,2.500000000E0
2.829311413E2,6.223588586E1,2.580176795E1,8.180911229E1,2.910000086E0,2.438999939E2,3.790092468E0,2.500000000E0
2.839306837E2,6.223587452E1,2.580172135E1,8.184944663E1,2.799999952E0,2.401999969E2,3.790092468E0,2.500000000E0
2.849308829E2,6.223585974E1,2.580167595E1,8.165796751E1,2.950000048E0,2.338000031E2,3.790092468E0,2.500000000E0
2.859313438E2,6.223584309E1,2.580163025E1,8.158043991E1,3.029999971E0,2.333999939E2,3.790092468E0,2.500000000E0
2.869314676E2,6.223582704E1,2.580158622E1,8.147514178E1,2.950000048E0,2.343999939E2,3.790092468E0,2.500000000E0
2.879310358E2,6.223581137E1,2.580154427E1,8.139529569E1,2.839999914E0,2.331999969E2,3.790092468E0,2.500000000E0
2.889312006E2,6.223579539E1,2.580150228E1,8.113472430E1,2.940000057E0,2.323000031E2,3.790092468E0,2.500000000E0
2.899313391E2,6.223577770E1,2.580146309E1,8.094800465E1,2.920000076E0,2.263000031E2,3.790092468E0,2.500000000E0
2.909306962E2,6.223575732E1,2.580143019E1,8.073748015E1,2.940000057E0,2.186000061E2,3.790092468E0,2.500000000E0
2.919314722E2,6.223573532E1,2.580140099E1,8.067136414E1,2.970000029E0,2.161999969E2,3.790092468E0,2.500000000E0
2.929312021E2,6.223571286E1,2.580137106E1,8.051851685E1,3.000000000E0,2.151000061E2,3.790092468E0,2.500000000E0
2.939306514E2,6.223569102E1,2.580134058E1,8.040107028E1,2.950000048E0,2.153999939E2,3.790092468E0,2.500000000E0
2.949310399E2,6.223566975E1,2.580130631E1,8.038433178E1,3.059999943E0,2.188000031E2,3.790092468E0,2.500000000E0
2.959307104E2,6.223564832E1,2.580127256E1,8.005698531E1,3.019999981E0,2.161999969E2,3.790092468E0,2.500000000E0
2.969311173E2,6.223562821E1,2.580123734E1,7.990981530E1,2.930000067E0,2.201999969E2,3.790092468E0,2.500000000E0
2.979307291E2,6.223561005E1,2.580119404E1,7.997004332E1,3.039999962E0,2.253999939E2,3.790092468E0,2.500000000E0
2.989313426E2,6.223559280E1,2.580115119E1,8.011974945E1,2.920000076E0,2.246999969E2,3.790092468E0,2.500000000E0
2.999309163E2,6.223557406E1,2.580110838E1,8.030693030E1,3.009999990E0,2.251999969E2,3.790092468E0,2.500000000E0
3.009310205E2,6.223555585E1,2.580106529E1,8.031869640E1,2.980000019E0,2.261999969E2,3.790092468E0,2.500000000E0
3.019305548E2,6.223553801E1,2.580102491E1,8.054030177E1,2.900000095E0,2.243000031E2,3.790092468E0,2.500000000E0
3.029308504E2,6.223551878E1,2.580098473E1,8.063238973E1,2.970000029E0,2.243999939E2,3.790092468E0,2.500000000E0
3.039314839E2,6.223549964E1,2.580094367E1,8.067864029E1,2.970000029E0,2.251000061E2,3.790092468E0,2.500000000E0
3.049312784E2,6.223548175E1,2.580090345E1,8.060581204E1,2.880000114E0,2.263000031E2,3.790092468E0,2.500000000E0
3.059307667E2,6.223546377E1,2.580086213E1,8.058419217E1,2.970000029E0,2.260000000E2,3.790092468E0,2.500000000E0
3.069314138E2,6.223544545E1,2.580082220E1,8.066376847E1,2.930000067E0,2.255000000E2,3.790092468E0,2.500000000E0
3.079311880E2,6.223542666E1,2.580078283E1,8.070312238E1,2.890000105E0,2.243999939E2,3.790092468E0,2.500000000E0
3.089305638E2,6.223540825E1,2.580074476E1,8.050730814E1,2.849999905E0,2.243000031E2,3.790092468E0,2.500000000E0
3.099306831E2,6.223539061E1,2.580070880E1,8.057235876E1,2.650000095E0,2.235000000E2,3.790092468E0,2.500000000E0
3.109307878E2,6.223537565E1,2.580068176E1,8.063008735E1,2.130000114E0,2.220000000E2,3.790092468E0,2.500000000E0
3.119305873E2,6.223536389E1,2.580066045E1,8.062263267E1,1.740000010E0,2.228999939E2,3.790092468E0,2.500000000E0
3.129312544E2,6.223534550E1,2.580063500E1,8.096606493E1,2.640000105E0,2.140000000E2,3.790092468E0,2.500000000E0
3.139309249E2,6.223533182E1,2.580061991E1,8.095537470E1,1.659999967E0,2.161000061E2,3.790092468E0,2.500000000E0
3.149306934E2,6.223532159E1,2.580060226E1,8.100901737E1,1.659999967E0,2.248000031E2,3.790092468E0,2.500000000E0
3.159314655E2,6.223531304E1,2.580058194E1,8.095151581E1,1.629999995E0,2.296000061E2,3.790092468E0,2.500000000E0
3.169312390E2,6.223530462E1,2.580055946E1,8.096591360E1,1.639999986E0,2.306999969E2,3.790092468E0,2.500000000E0
3.179306288E2,6.223529591E1,2.580053522E1,8.112221783E1,1.659999967E0,2.306000061E2,3.790092468E0,2.500000000E0
3.189313719E2,6.223528675E1,2.580050951E1,8.118056027E1,1.629999995E0,2.306999969E2,3.790092468E0,2.500000000E0
3.199310001E2,6.223527893E1,2.580048342E1,8.128223843E1,1.590000033E0,2.330000000E2,3.790092468E0,2.500000000E0
3.209312973E2,6.223527080E1,2.580045788E1,8.130109174E1,1.580000043E0,2.313000031E2,3.790092468E0,2.500000000E0
3.219309140E2,6.223526201E1,2.580043347E1,8.141827238E1,1.629999995E0,2.301000061E2,3.790092468E0,2.500000000E0
3.229307155E2,6.223525316E1,2.580040731E1,8.170537473E1,1.629999995E0,2.316000061E2,3.790092468E0,2.500000000E0
3.239314666E2,6.223524381E1,2.580038124E1,8.176078734E1,1.659999967E0,2.288999939E2,3.790092468E0,2.500000000E0
3.249309964E2,6.223523447E1,2.580035922E1,8.183115386E1,1.590000033E0,2.255000000E2,3.790092468E0,2.500000000E0
3.259313650E2,6.223522448E1,2.580033892E1,8.189968906E1,1.590000033E0,2.228000031E2,3.790092468E0,2.500000000E0
3.269314693E2,6.223521342E1,2.580032280E1,8.183681523E1,1.559999943E0,2.165000000E2,3.790092468E0,2.500000000E0
3.279310457E2,6.223520140E1,2.580031667E1,8.171601918E1,1.460000038E0,1.983999939E2,3.790092468E0,2.500000000E0
3.289308387E2,6.223518856E1,2.580032438E1,8.164685935E1,1.470000029E0,1.770000000E2,3.790092468E0,2.500000000E0
3.299312641E2,6.223517789E1,2.580033827E1,8.164581647E1,1.179999948E0,1.645000000E2,3.790092468E0,2.500000000E0
3.309307619E2,6.223517121E1,2.580035345E1,8.184320130E1,8.299999833E-1,1.473000031E2,3.790092468E0,2.500000000E0
3.319311460E2,6.223516662E1,2.580036946E1,8.159448147E1,7.699999809E-1,1.413999939E2,3.790092468E0,2.500000000E0
3.329309056E2,6.223515916E1,2.580038668E1,8.110949294E1,1.049999952E0,1.493999939E2,3.790092468E0,2.500000000E0
3.339307256E2,6.223514860E1,2.580040704E1,8.112999598E1,1.289999962E0,1.483999939E2,3.790092468E0,2.710660696E0
3.349309023E2,6.223513898E1,2.580043022E1,8.081096120E1,1.230000019E0,1.435000000E2,3.790092468E0,3.217287779E0
3.359314533E2,6.223512911E1,2.580046426E1,8.077921951E1,1.480000019E0,1.330000000E2,3.790092468E0,3.073019981E0
3.369306271E2,6.223512094E1,2.580049810E1,8.108585771E1,1.409999967E0,1.323999939E2,3.790092468E0,3.213568687E0
3.379314596E2,6.223511198E1,2.580052744E1,8.124442384E1,1.389999986E0,1.386000061E2,3.790092468E0,3.328710318E0
3.389306643E2,6.223509770E1,2.580054263E1,8.032333498E1,1.570000052E0,1.751999969E2,3.790092468E0,3.348918676E0
3.399307382E2,6.223508696E1,2.580055738E1,8.029055383E1,1.299999952E0,1.693999939E2,3.790092468E0,3.291947365E0
